{
    "0": {
        "3M_2018_10K.pdf": 0.5737984
    },
    "1": {
        "3M_2018_10K.pdf": 0.58408195
    },
    "2": {
        "3M_2022_10K.pdf": 0.41250706
    },
    "3": {
        "3M_2022_10K.pdf": 0.35481355
    },
    "4": {
        "3M_2022_10K.pdf": 0.7402687
    },
    "5": {
        "3M_2023Q2_10Q.pdf": 0.38789952
    },
    "6": {
        "3M_2023Q2_10Q.pdf": 0.31210837
    },
    "7": {
        "3M_2023Q2_10Q.pdf": 0.3887346
    },
    "8": {
        "ACTIVISIONBLIZZARD_2019_10K.pdf": 0.2560108
    },
    "9": {
        "ACTIVISIONBLIZZARD_2019_10K.pdf": 0.30324718
    },
    "10": {
        "ADOBE_2015_10K.pdf": 0.36127794
    },
    "11": {
        "ADOBE_2016_10K.pdf": 0.3351555
    },
    "12": {
        "ADOBE_2017_10K.pdf": 0.22684397
    },
    "13": {
        "ADOBE_2022_10K.pdf": 0.30566671
    },
    "14": {
        "ADOBE_2022_10K.pdf": 0.17990519
    },
    "15": {
        "AES_2022_10K.pdf": 0.462061
    },
    "16": {
        "AES_2022_10K.pdf": 0.30284497
    },
    "17": {
        "AES_2022_10K.pdf": 0.43712714
    },
    "18": {
        "AMAZON_2017_10K.pdf": 0.085411474
    },
    "19": {
        "AMAZON_2017_10K.pdf": 0.24451673
    },
    "20": {
        "AMAZON_2019_10K.pdf": 0.25357023
    },
    "21": {
        "AMCOR_2020_10K.pdf": 0.49802306
    },
    "22": {
        "AMCOR_2022_8K_dated-2022-07-01.pdf": 0.13745166
    },
    "23": {
        "AMCOR_2023_10K.pdf": 0.3179242
    },
    "24": {
        "AMCOR_2023_10K.pdf": 0.3223878
    },
    "25": {
        "AMCOR_2023_10K.pdf": 0.27200145
    },
    "26": {
        "AMCOR_2023_10K.pdf": 0.40028095
    },
    "27": {
        "AMCOR_2023Q2_10Q.pdf": 0.16620152
    },
    "28": {
        "AMCOR_2023Q4_EARNINGS.pdf": 0.70263255
    },
    "29": {
        "AMCOR_2023Q4_EARNINGS.pdf": 0.6557114
    },
    "30": {
        "AMD_2015_10K.pdf": 0.23728463
    },
    "31": {
        "AMD_2022_10K.pdf": 0.39431813
    },
    "32": {
        "AMD_2022_10K.pdf": 0.5803764
    },
    "33": {
        "AMD_2022_10K.pdf": 0.46847504
    },
    "34": {
        "AMD_2022_10K.pdf": 0.31346232
    },
    "35": {
        "AMD_2022_10K.pdf": 0.36799732
    },
    "36": {
        "AMD_2022_10K.pdf": 0.5142789
    },
    "37": {
        "AMD_2022_10K.pdf": 0.2243361
    },
    "38": {
        "AMERICANEXPRESS_2022_10K.pdf": 0.4485476
    },
    "39": {
        "AMERICANEXPRESS_2022_10K.pdf": 0.47066417
    },
    "40": {
        "AMERICANEXPRESS_2022_10K.pdf": 0.29270697
    },
    "41": {
        "AMERICANEXPRESS_2022_10K.pdf": 0.2167322
    },
    "42": {
        "AMERICANEXPRESS_2022_10K.pdf": 0.34720555
    },
    "43": {
        "AMERICANEXPRESS_2022_10K.pdf": 0.5798055
    },
    "44": {
        "AMERICANEXPRESS_2022_10K.pdf": 0.560566
    },
    "45": {
        "AMERICANWATERWORKS_2020_10K.pdf": 0.397822
    },
    "46": {
        "AMERICANWATERWORKS_2021_10K.pdf": 0.43007612
    },
    "47": {
        "AMERICANWATERWORKS_2022_10K.pdf": 0.4689128
    },
    "48": {
        "BESTBUY_2017_10K.pdf": 0.41307515
    },
    "49": {
        "BESTBUY_2019_10K.pdf": 0.38880423
    },
    "50": {
        "BESTBUY_2023_10K.pdf": 0.19260046
    },
    "51": {
        "BESTBUY_2023_10K.pdf": 0.4603137
    },
    "52": {
        "BESTBUY_2023_10K.pdf": 0.37120554
    },
    "53": {
        "BESTBUY_2024Q2_10Q.pdf": 0.20386636
    },
    "54": {
        "BESTBUY_2024Q2_10Q.pdf": 0.43208793
    },
    "55": {
        "BESTBUY_2024Q2_10Q.pdf": 0.18777262
    },
    "56": {
        "BLOCK_2016_10K.pdf": 0.19232725
    },
    "57": {
        "BLOCK_2020_10K.pdf": 0.1799484
    },
    "58": {
        "BLOCK_2020_10K.pdf": 0.327529
    },
    "59": {
        "BOEING_2018_10K.pdf": 0.48162505
    },
    "60": {
        "BOEING_2022_10K.pdf": 0.6301622
    },
    "61": {
        "BOEING_2022_10K.pdf": 0.2302012
    },
    "62": {
        "BOEING_2022_10K.pdf": 0.34793633
    },
    "63": {
        "BOEING_2022_10K.pdf": 0.29260084
    },
    "64": {
        "BOEING_2022_10K.pdf": 0.25039503
    },
    "65": {
        "BOEING_2022_10K.pdf": 0.19429173
    },
    "66": {
        "BOEING_2022_10K.pdf": 0.5009527
    },
    "67": {
        "COCACOLA_2017_10K.pdf": 0.47241634
    },
    "68": {
        "COCACOLA_2021_10K.pdf": 0.20429464
    },
    "69": {
        "COCACOLA_2022_10K.pdf": 0.18303838
    },
    "70": {
        "CORNING_2020_10K.pdf": 0.25829133
    },
    "71": {
        "CORNING_2021_10K.pdf": 0.58862966
    },
    "72": {
        "CORNING_2022_10K.pdf": 0.42105237
    },
    "73": {
        "CORNING_2022_10K.pdf": 0.44275752
    },
    "74": {
        "COSTCO_2021_10K.pdf": 0.3098485
    },
    "75": {
        "CVSHEALTH_2018_10K.pdf": 0.20102818
    },
    "76": {
        "CVSHEALTH_2022_10K.pdf": 0.5057865
    },
    "77": {
        "CVSHEALTH_2022_10K.pdf": 0.42190963
    },
    "78": {
        "CVSHEALTH_2022_10K.pdf": 0.5457947
    },
    "79": {
        "FOOTLOCKER_2022_8K_dated_2022-08-19.pdf": 0.4808937
    },
    "80": {
        "FOOTLOCKER_2022_8K_dated-2022-05-20.pdf": 0.107315995
    },
    "81": {
        "GENERALMILLS_2019_10K.pdf": 0.31535685
    },
    "82": {
        "GENERALMILLS_2020_10K.pdf": 0.2991159
    },
    "83": {
        "GENERALMILLS_2020_10K.pdf": 0.4902606
    },
    "84": {
        "GENERALMILLS_2022_10K.pdf": 0.43007612
    },
    "85": {
        "JOHNSON_JOHNSON_2022_10K.pdf": 0.3713423
    },
    "86": {
        "JOHNSON_JOHNSON_2022_10K.pdf": 0.21329562
    },
    "87": {
        "JOHNSON_JOHNSON_2022_10K.pdf": 0.10833058
    },
    "88": {
        "JOHNSON_JOHNSON_2022Q4_EARNINGS.pdf": 0.3317045
    },
    "89": {
        "JOHNSON_JOHNSON_2022Q4_EARNINGS.pdf": 0.14585622
    },
    "90": {
        "JOHNSON_JOHNSON_2023_8K_dated-2023-08-30.pdf": 0.20673421
    },
    "91": {
        "JOHNSON_JOHNSON_2023_8K_dated-2023-08-30.pdf": 0.59824234
    },
    "92": {
        "JOHNSON_JOHNSON_2023_8K_dated-2023-08-30.pdf": 0.46687052
    },
    "93": {
        "JOHNSON_JOHNSON_2023Q2_EARNINGS.pdf": 0.6793707
    },
    "94": {
        "JPMORGAN_2021Q1_10Q.pdf": 0.5041753
    },
    "95": {
        "JPMORGAN_2021Q1_10Q.pdf": 0.08633136
    },
    "96": {
        "JPMORGAN_2022_10K.pdf": 0.15521957
    },
    "97": {
        "JPMORGAN_2022Q2_10Q.pdf": 0.4054258
    },
    "98": {
        "JPMORGAN_2023Q2_10Q.pdf": 0.30837816
    },
    "99": {
        "KRAFTHEINZ_2019_10K.pdf": 0.2939823
    },
    "100": {
        "LOCKHEEDMARTIN_2020_10K.pdf": 0.23612009
    },
    "101": {
        "LOCKHEEDMARTIN_2021_10K.pdf": 0.36867893
    },
    "102": {
        "LOCKHEEDMARTIN_2022_10K.pdf": 0.4501424
    },
    "103": {
        "MGMRESORTS_2018_10K.pdf": 0.57837737
    },
    "104": {
        "MGMRESORTS_2020_10K.pdf": 0.22413224
    },
    "105": {
        "MGMRESORTS_2022_10K.pdf": 0.64746445
    },
    "106": {
        "MGMRESORTS_2022Q4_EARNINGS.pdf": 0.3341118
    },
    "107": {
        "MGMRESORTS_2022Q4_EARNINGS.pdf": 0.23293816
    },
    "108": {
        "MGMRESORTS_2022Q4_EARNINGS.pdf": 0.30784726
    },
    "109": {
        "MGMRESORTS_2023Q2_10Q.pdf": 0.46920466
    },
    "110": {
        "MICROSOFT_2016_10K.pdf": 0.52597815
    },
    "111": {
        "MICROSOFT_2023_10K.pdf": 0.4866005
    },
    "112": {
        "NETFLIX_2015_10K.pdf": 0.15863031
    },
    "113": {
        "NETFLIX_2017_10K.pdf": 0.55072874
    },
    "114": {
        "NIKE_2018_10K.pdf": 0.6693348
    },
    "115": {
        "NIKE_2019_10K.pdf": 0.4280666
    },
    "116": {
        "NIKE_2021_10K.pdf": 0.38498205
    },
    "117": {
        "NIKE_2023_10K.pdf": 0.57408494
    },
    "118": {
        "PAYPAL_2022_10K.pdf": 0.30374262
    },
    "119": {
        "PEPSICO_2021_10K.pdf": 0.39145303
    },
    "120": {
        "PEPSICO_2022_10K.pdf": 0.638588
    },
    "121": {
        "PEPSICO_2022_10K.pdf": 0.3554845
    },
    "122": {
        "PEPSICO_2022_10K.pdf": 0.4813325
    },
    "123": {
        "PEPSICO_2022_10K.pdf": 0.54695654
    },