{
    "0": {
        "DOV/2014/page_7.pdf": 0.86080295,
        "DOV/2014/page_13.pdf": 0.767429,
        "DOV/2014/page_98.pdf": 0.6755297,
        "DOV/2014/page_97.pdf": 0.5492786,
        "DOV/2014/page_21.pdf": 0.5073975
    },
    "1": {
        "ISRG/2004/page_72.pdf": 0.35033303,
        "ISRG/2004/page_71.pdf": 0.15262519,
        "ISRG/2004/page_56.pdf": 0.11004026
    },
    "2": {
        "VRSN/2006/page_225.pdf": 0.6803909,
        "VRSN/2006/page_226.pdf": 0.17372264
    },
    "3": {
        "KEY/2015/page_221.pdf": 0.63615024,
        "KEY/2015/page_208.pdf": 0.18929654,
        "KEY/2015/page_227.pdf": 0.18409216,
        "KEY/2015/page_220.pdf": 0.14872622,
        "KEY/2015/page_60.pdf": 0.12788142
    },
    "4": {
        "MKC/2013/page_54.pdf": 0.23356688,
        "MKC/2013/page_41.pdf": 0.10301562
    },
    "5": {
        "CHD/2016/page_65.pdf": 0.8987045,
        "CHD/2016/page_90.pdf": 0.8127637,
        "CHD/2016/page_67.pdf": 0.6922474,
        "CHD/2016/page_83.pdf": 0.14520046
    },
    "6": {
        "MPC/2018/page_119.pdf": 0.7471924,
        "MPC/2018/page_161.pdf": 0.5059329,
        "MPC/2018/page_89.pdf": 0.35046637,
        "MPC/2018/page_88.pdf": 0.25236604
    },
    "7": {
        "MPC/2015/page_115.pdf": 0.24346294,
        "MPC/2015/page_67.pdf": 0.22836332,
        "MPC/2015/page_57.pdf": 0.12024263
    },
    "8": {
        "ISRG/2004/page_71.pdf": 0.2965427,
        "ISRG/2004/page_72.pdf": 0.21772853,
        "ISRG/2004/page_48.pdf": 0.14117509,
        "ISRG/2004/page_73.pdf": 0.038138922
    },
    "9": {
        "NSC/2004/page_106.pdf": 0.370522,
        "NSC/2004/page_92.pdf": 0.07061741,
        "NSC/2004/page_41.pdf": 0.065491326
    },
    "10": {
        "KEY/2015/page_100.pdf": 0.9165366,
        "KEY/2015/page_114.pdf": 0.6912478,
        "KEY/2015/page_195.pdf": 0.6227582,
        "KEY/2015/page_60.pdf": 0.6164054,
        "KEY/2015/page_223.pdf": 0.49392182
    },
    "11": {
        "NSC/2006/page_40.pdf": 0.8742601,
        "NSC/2006/page_56.pdf": 0.17895623,
        "NSC/2006/page_79.pdf": 0.13558677,
        "NSC/2006/page_44.pdf": 0.11839552
    },
    "12": {
        "NVR/2013/page_27.pdf": 0.1548358,
        "NVR/2013/page_28.pdf": 0.12471342,
        "NVR/2013/page_29.pdf": 0.12287034
    },
    "13": {
        "NSC/2012/page_70.pdf": 0.6055431,
        "NSC/2012/page_71.pdf": 0.53065056,
        "NSC/2012/page_65.pdf": 0.28136164,
        "NSC/2012/page_67.pdf": 0.16474508
    },
    "14": {
        "NFLX/2018/page_25.pdf": 0.63234437,
        "NFLX/2018/page_24.pdf": 0.59796065,
        "NFLX/2018/page_65.pdf": 0.39459804
    },
    "15": {
        "JNPR/2012/page_45.pdf": 0.9018604,
        "JNPR/2012/page_31.pdf": 0.7092009,
        "JNPR/2012/page_34.pdf": 0.29695538,
        "JNPR/2012/page_47.pdf": 0.2716517
    },
    "16": {
        "UNM/2013/page_124.pdf": 0.75723875,
        "UNM/2013/page_111.pdf": 0.7279179,
        "UNM/2013/page_127.pdf": 0.46089602
    },
    "17": {
        "AMZN/2003/page_69.pdf": 0.7811474,
        "AMZN/2003/page_72.pdf": 0.5486983,
        "AMZN/2003/page_67.pdf": 0.30290684
    },
    "18": {
        "URI/2014/page_63.pdf": 0.72231215,
        "URI/2014/page_64.pdf": 0.65861565,
        "URI/2014/page_56.pdf": 0.6139086,
        "URI/2014/page_50.pdf": 0.511644,
        "URI/2014/page_100.pdf": 0.44217938
    },
    "19": {
        "UNM/2012/page_93.pdf": 0.76951396,
        "UNM/2012/page_92.pdf": 0.7634314,
        "UNM/2012/page_95.pdf": 0.6141863,
        "UNM/2012/page_158.pdf": 0.55796635,
        "UNM/2012/page_82.pdf": 0.49699774
    },
    "20": {
        "ROK/2008/page_34.pdf": 0.8568246,
        "ROK/2008/page_43.pdf": 0.80126834,
        "ROK/2008/page_96.pdf": 0.7760977,
        "ROK/2008/page_44.pdf": 0.56661874
    },
    "21": {
        "KEY/2013/page_216.pdf": 0.83290404,
        "KEY/2013/page_179.pdf": 0.76972175,
        "KEY/2013/page_215.pdf": 0.7507177,
        "KEY/2013/page_228.pdf": 0.7491794
    },
    "22": {
        "PKI/2007/page_32.pdf": 0.33147722,
        "PKI/2007/page_87.pdf": 0.17818269,
        "PKI/2007/page_118.pdf": 0.12645063
    },
    "23": {
        "PHM/2004/page_59.pdf": 0.5332765,
        "PHM/2004/page_67.pdf": 0.45420644,
        "PHM/2004/page_34.pdf": 0.44767818,
        "PHM/2004/page_20.pdf": 0.42907107,
        "PHM/2004/page_30.pdf": 0.35662642
    },
    "24": {
        "WAB/2009/page_25.pdf": 0.5198388,
        "WAB/2009/page_30.pdf": 0.12130033,
        "WAB/2009/page_77.pdf": 0.115730874,
        "WAB/2009/page_65.pdf": 0.11382585
    },
    "25": {
        "KSU/2008/page_46.pdf": 0.68874115,
        "KSU/2008/page_45.pdf": 0.58237284,
        "KSU/2008/page_110.pdf": 0.34840176
    },
    "26": {
        "DLR/2016/page_78.pdf": 0.69968605,
        "DLR/2016/page_191.pdf": 0.6959795,
        "DLR/2016/page_190.pdf": 0.62330866,
        "DLR/2016/page_66.pdf": 0.5911811
    },
    "27": {},
    "28": {},
    "29": {},
    "30": {},
    "31": {},
    "32": {},
    "33": {},
    "34": {},
    "35": {},
    "36": {},
    "37": {},
    "38": {
        "ATO/2019/page_105.pdf": 0.07280148,
        "ATO/2019/page_47.pdf": 0.04985212,
        "ATO/2019/page_29.pdf": 0.041543942
    },
    "39": {
        "JNPR/2018/page_135.pdf": 0.79196626,
        "JNPR/2018/page_144.pdf": 0.6664756,
        "JNPR/2018/page_199.pdf": 0.63777614
    },
    "40": {
        "NVR/2013/page_27.pdf": 0.7089592,
        "NVR/2013/page_28.pdf": 0.60133666,
        "NVR/2013/page_29.pdf": 0.5931622,
        "NVR/2013/page_34.pdf": 0.5090084
    },
    "41": {},
    "42": {},
    "43": {},
    "44": {},
    "45": {},
    "46": {},
    "47": {},
    "48": {},
    "49": {},
    "50": {},
    "51": {},
    "52": {},
    "53": {},
    "54": {},
    "55": {},
    "56": {},
    "57": {},
    "58": {},
    "59": {},
    "60": {},
    "61": {},
    "62": {},
    "63": {},
    "64": {},
    "65": {},
    "66": {},
    "67": {
        "TDG/2019/page_135.pdf": 0.6150191,
        "TDG/2019/page_47.pdf": 0.23588239,
        "TDG/2019/page_31.pdf": 0.2039139,
        "TDG/2019/page_50.pdf": 0.15660757
    },
    "68": {
        "TMO/2008/page_101.pdf": 0.4678915,
        "TMO/2008/page_105.pdf": 0.4465194,
        "TMO/2008/page_130.pdf": 0.30610216,
        "TMO/2008/page_95.pdf": 0.25523734
    },
    "69": {
        "JNPR/2014/page_45.pdf": 0.7463059,
        "JNPR/2014/page_44.pdf": 0.40218133,
        "JNPR/2014/page_43.pdf": 0.37717408
    },
    "70": {
        "AMZN/2004/page_54.pdf": 0.78631157,
        "AMZN/2004/page_75.pdf": 0.28130242,
        "AMZN/2004/page_74.pdf": 0.17647314,
        "AMZN/2004/page_50.pdf": 0.047148798
    },
    "71": {
        "DLR/2016/page_66.pdf": 0.7961819,
        "DLR/2016/page_64.pdf": 0.75723875,
        "DLR/2016/page_129.pdf": 0.70944256,
        "DLR/2016/page_111.pdf": 0.35985944,
        "DLR/2016/page_95.pdf": 0.23493321
    },
    "72": {
        "NFLX/2008/page_32.pdf": 0.8190992,
        "NFLX/2008/page_30.pdf": 0.4858686,
        "NFLX/2008/page_41.pdf": 0.21065299,
        "NFLX/2008/page_53.pdf": 0.19250934
    },
    "73": {
        "WU/2009/page_133.pdf": 0.13005348,
        "WU/2009/page_95.pdf": 0.1291941,
        "WU/2009/page_47.pdf": 0.082704924,
        "WU/2009/page_119.pdf": 0.06414173
    },
    "74": {
        "KSU/2007/page_65.pdf": 0.8377398,
        "KSU/2007/page_81.pdf": 0.6854659,
        "KSU/2007/page_80.pdf": 0.6353361,
        "KSU/2007/page_59.pdf": 0.27009034,
        "KSU/2007/page_51.pdf": 0.2426006
    },
    "75": {
        "PKI/2013/page_142.pdf": 0.85008353,
        "PKI/2013/page_90.pdf": 0.6972179,
        "PKI/2013/page_95.pdf": 0.40683898,
        "PKI/2013/page_98.pdf": 0.30603993,
        "PKI/2013/page_97.pdf": 0.29234317
    },
    "76": {
        "DOV/2018/page_100.pdf": 0.32190803,
        "DOV/2018/page_101.pdf": 0.085962325,
        "DOV/2018/page_88.pdf": 0.08190829,
        "DOV/2018/page_103.pdf": 0.0767739
    },