Subfolder,Index,Exact Match,F1-Score,METEOR
image,1,1.0,1.0,0.16891891891891897
image,0,0.0,0.8571428571428571,0.28876333961079725
